"office name","office code","office city","office state","report begin date","report end date","published date","market location name","market location city","market location state",commodity,"market type","market type category","slug id","slug name","report title","final ind",community,category,quality,"holdings Unit","holdings current lbs","holdings 1stDayMTH lbs","holdings change lbs","holdings change percent","currentMTH 1stDay","report narrative","commodity narrative","special announcement"
Madison,DA-MD,Madison,WI,12/27/2021,12/31/2021,"12/29/2021 09:55:02","National Cold Storage",,WI,Cheese,"Cold Storage","Dairy Market",1095,MD_DA953,"Weekly Cold Storage Holding - U.S.",Final,Dairy,"Hard Products",N/A,LBS,82299000,77388000,4911000,6,12/01/2021,,,
Madison,DA-MD,Madison,WI,12/27/2021,12/31/2021,"12/29/2021 09:55:02","National Cold Storage",,WI,Butter,"Cold Storage","Dairy Market",1095,MD_DA953,"Weekly Cold Storage Holding - U.S.",Final,Dairy,"Soft Product",N/A,LBS,33082000,35727000,-2645000,-7,12/01/2021,,,
Madison,DA-MD,Madison,WI,12/20/2021,12/24/2021,"12/22/2021 09:55:03","National Cold Storage",,WI,Cheese,"Cold Storage","Dairy Market",1095,MD_DA953,"Weekly Cold Storage Holding - U.S.",Final,Dairy,"Hard Products",N/A,LBS,80380000,77388000,2992000,4,12/01/2021,,,
Madison,DA-MD,Madison,WI,12/20/2021,12/24/2021,"12/22/2021 09:55:03","National Cold Storage",,WI,Butter,"Cold Storage","Dairy Market",1095,MD_DA953,"Weekly Cold Storage Holding - U.S.",Final,Dairy,"Soft Product",N/A,LBS,33219000,35727000,-2508000,-7,12/01/2021,,,
Madison,DA-MD,Madison,WI,12/13/2021,12/17/2021,"12/15/2021 11:55:02","National Cold Storage",,WI,Cheese,"Cold Storage","Dairy Market",1095,MD_DA953,"Weekly Cold Storage Holding - U.S.",Final,Dairy,"Hard Products",N/A,LBS,79464000,77388000,2076000,3,12/01/2021,,,
Madison,DA-MD,Madison,WI,12/13/2021,12/17/2021,"12/15/2021 11:55:02","National Cold Storage",,WI,Butter,"Cold Storage","Dairy Market",1095,MD_DA953,"Weekly Cold Storage Holding - U.S.",Final,Dairy,"Soft Product",N/A,LBS,36017000,35727000,290000,1,12/01/2021,,,
Madison,DA-MD,Madison,WI,12/06/2021,12/10/2021,"12/08/2021 11:55:02","National Cold Storage",,WI,Cheese,"Cold Storage","Dairy Market",1095,MD_DA953,"Weekly Cold Storage Holding - U.S.",Final,Dairy,"Hard Products",N/A,LBS,77675000,77388000,287000,0,12/01/2021,,,
Madison,DA-MD,Madison,WI,12/06/2021,12/10/2021,"12/08/2021 11:55:02","National Cold Storage",,WI,Butter,"Cold Storage","Dairy Market",1095,MD_DA953,"Weekly Cold Storage Holding - U.S.",Final,Dairy,"Soft Product",N/A,LBS,35218000,35727000,-509000,-1,12/01/2021,,,
Madison,DA-MD,Madison,WI,11/29/2021,12/03/2021,"12/01/2021 08:14:11","National Cold Storage",,WI,Cheese,"Cold Storage","Dairy Market",1095,MD_DA953,"Weekly Cold Storage Holding - U.S.",Final,Dairy,"Hard Products",N/A,LBS,77197000,83293000,-6096000,-7,11/01/2021,,,
Madison,DA-MD,Madison,WI,11/29/2021,12/03/2021,"12/01/2021 08:14:11","National Cold Storage",,WI,Butter,"Cold Storage","Dairy Market",1095,MD_DA953,"Weekly Cold Storage Holding - U.S.",Final,Dairy,"Soft Product",N/A,LBS,36067000,48906000,-12839000,-26,11/01/2021,,,
Madison,DA-MD,Madison,WI,11/22/2021,11/26/2021,"11/23/2021 11:28:28","National Cold Storage",,WI,Cheese,"Cold Storage","Dairy Market",1095,MD_DA953,"Weekly Cold Storage Holding - U.S.",Final,Dairy,"Hard Products",N/A,LBS,74185000,83293000,-9108000,-11,11/01/2021,,,
Madison,DA-MD,Madison,WI,11/22/2021,11/26/2021,"11/23/2021 11:28:28","National Cold Storage",,WI,Butter,"Cold Storage","Dairy Market",1095,MD_DA953,"Weekly Cold Storage Holding - U.S.",Final,Dairy,"Soft Product",N/A,LBS,35628000,48906000,-13278000,-27,11/01/2021,,,
Madison,DA-MD,Madison,WI,11/15/2021,11/19/2021,"11/17/2021 11:54:02","National Cold Storage",,WI,Cheese,"Cold Storage","Dairy Market",1095,MD_DA953,"Weekly Cold Storage Holding - U.S.",Final,Dairy,"Hard Products",N/A,LBS,74194000,83293000,-9099000,-11,11/01/2021,,,
Madison,DA-MD,Madison,WI,11/15/2021,11/19/2021,"11/17/2021 11:54:02","National Cold Storage",,WI,Butter,"Cold Storage","Dairy Market",1095,MD_DA953,"Weekly Cold Storage Holding - U.S.",Final,Dairy,"Soft Product",N/A,LBS,37060000,48906000,-11846000,-24,11/01/2021,,,
Madison,DA-MD,Madison,WI,11/08/2021,11/12/2021,"11/09/2021 13:58:02","National Cold Storage",,WI,Cheese,"Cold Storage","Dairy Market",1095,MD_DA953,"Weekly Cold Storage Holding - U.S.",Final,Dairy,"Hard Products",N/A,LBS,83097000,83293000,-196000,0,11/01/2021,,,
Madison,DA-MD,Madison,WI,11/08/2021,11/12/2021,"11/09/2021 13:58:02","National Cold Storage",,WI,Butter,"Cold Storage","Dairy Market",1095,MD_DA953,"Weekly Cold Storage Holding - U.S.",Final,Dairy,"Soft Product",N/A,LBS,40190000,48906000,-8716000,-18,11/01/2021,,,
Madison,DA-MD,Madison,WI,11/01/2021,11/05/2021,"11/03/2021 11:54:01","National Cold Storage",,WI,Cheese,"Cold Storage","Dairy Market",1095,MD_DA953,"Weekly Cold Storage Holding - U.S.",Final,Dairy,"Hard Products",N/A,LBS,83293000,83293000,0,0,11/01/2021,,,
Madison,DA-MD,Madison,WI,11/01/2021,11/05/2021,"11/03/2021 11:54:01","National Cold Storage",,WI,Butter,"Cold Storage","Dairy Market",1095,MD_DA953,"Weekly Cold Storage Holding - U.S.",Final,Dairy,"Soft Product",N/A,LBS,48906000,48906000,0,0,11/01/2021,,,
Madison,DA-MD,Madison,WI,10/25/2021,10/29/2021,"10/27/2021 11:54:01","National Cold Storage",,WI,Cheese,"Cold Storage","Dairy Market",1095,MD_DA953,"Weekly Cold Storage Holding - U.S.",Final,Dairy,"Hard Products",N/A,LBS,83708000,82685000,1023000,1,10/01/2021,,,
Madison,DA-MD,Madison,WI,10/25/2021,10/29/2021,"10/27/2021 11:54:01","National Cold Storage",,WI,Butter,"Cold Storage","Dairy Market",1095,MD_DA953,"Weekly Cold Storage Holding - U.S.",Final,Dairy,"Soft Product",N/A,LBS,49435000,57019000,-7584000,-13,10/01/2021,,,
Madison,DA-MD,Madison,WI,10/18/2021,10/22/2021,"10/20/2021 11:54:04","National Cold Storage",,WI,Cheese,"Cold Storage","Dairy Market",1095,MD_DA953,"Weekly Cold Storage Holding - U.S.",Final,Dairy,"Hard Products",N/A,LBS,82483000,82685000,-202000,0,10/01/2021,,,
Madison,DA-MD,Madison,WI,10/18/2021,10/22/2021,"10/20/2021 11:54:04","National Cold Storage",,WI,Butter,"Cold Storage","Dairy Market",1095,MD_DA953,"Weekly Cold Storage Holding - U.S.",Final,Dairy,"Soft Product",N/A,LBS,52291000,57019000,-4728000,-8,10/01/2021,,,
Madison,DA-MD,Madison,WI,10/11/2021,10/15/2021,"10/13/2021 11:54:01","National Cold Storage",,WI,Cheese,"Cold Storage","Dairy Market",1095,MD_DA953,"Weekly Cold Storage Holding - U.S.",Final,Dairy,"Hard Products",N/A,LBS,82716000,82685000,31000,0,10/01/2021,,,
Madison,DA-MD,Madison,WI,10/11/2021,10/15/2021,"10/13/2021 11:54:01","National Cold Storage",,WI,Butter,"Cold Storage","Dairy Market",1095,MD_DA953,"Weekly Cold Storage Holding - U.S.",Final,Dairy,"Soft Product",N/A,LBS,56868000,57019000,-151000,0,10/01/2021,,,
Madison,DA-MD,Madison,WI,10/04/2021,10/08/2021,"10/06/2021 11:54:01","National Cold Storage",,WI,Cheese,"Cold Storage","Dairy Market",1095,MD_DA953,"Weekly Cold Storage Holding - U.S.",Final,Dairy,"Hard Products",N/A,LBS,82581000,82685000,-104000,0,10/01/2021,,,
Madison,DA-MD,Madison,WI,10/04/2021,10/08/2021,"10/06/2021 11:54:01","National Cold Storage",,WI,Butter,"Cold Storage","Dairy Market",1095,MD_DA953,"Weekly Cold Storage Holding - U.S.",Final,Dairy,"Soft Product",N/A,LBS,56042000,57019000,-977000,-2,10/01/2021,,,
Madison,DA-MD,Madison,WI,09/27/2021,10/01/2021,"09/29/2021 11:54:03","National Cold Storage",,WI,Cheese,"Cold Storage","Dairy Market",1095,MD_DA953,"Weekly Cold Storage Holding - U.S.",Final,Dairy,"Hard Products",N/A,LBS,83099000,85055000,-1956000,-2,09/01/2021,,,
Madison,DA-MD,Madison,WI,09/27/2021,10/01/2021,"09/29/2021 11:54:03","National Cold Storage",,WI,Butter,"Cold Storage","Dairy Market",1095,MD_DA953,"Weekly Cold Storage Holding - U.S.",Final,Dairy,"Soft Product",N/A,LBS,60925000,68130000,-7205000,-11,09/01/2021,,,
Madison,DA-MD,Madison,WI,09/20/2021,09/24/2021,"09/22/2021 11:54:01","National Cold Storage",,WI,Cheese,"Cold Storage","Dairy Market",1095,MD_DA953,"Weekly Cold Storage Holding - U.S.",Final,Dairy,"Hard Products",N/A,LBS,83957000,85055000,-1098000,-1,09/01/2021,,,
Madison,DA-MD,Madison,WI,09/20/2021,09/24/2021,"09/22/2021 11:54:01","National Cold Storage",,WI,Butter,"Cold Storage","Dairy Market",1095,MD_DA953,"Weekly Cold Storage Holding - U.S.",Final,Dairy,"Soft Product",N/A,LBS,63894000,68130000,-4236000,-6,09/01/2021,,,
Madison,DA-MD,Madison,WI,09/13/2021,09/17/2021,"09/15/2021 11:54:01","National Cold Storage",,WI,Cheese,"Cold Storage","Dairy Market",1095,MD_DA953,"Weekly Cold Storage Holding - U.S.",Final,Dairy,"Hard Products",N/A,LBS,85263000,85055000,208000,0,09/01/2021,,,
Madison,DA-MD,Madison,WI,09/13/2021,09/17/2021,"09/15/2021 11:54:01","National Cold Storage",,WI,Butter,"Cold Storage","Dairy Market",1095,MD_DA953,"Weekly Cold Storage Holding - U.S.",Final,Dairy,"Soft Product",N/A,LBS,65074000,68130000,-3056000,-4,09/01/2021,,,
Madison,DA-MD,Madison,WI,09/06/2021,09/10/2021,"09/08/2021 11:54:01","National Cold Storage",,WI,Cheese,"Cold Storage","Dairy Market",1095,MD_DA953,"Weekly Cold Storage Holding - U.S.",Final,Dairy,"Hard Products",N/A,LBS,85096000,85055000,41000,0,09/01/2021,,,
Madison,DA-MD,Madison,WI,09/06/2021,09/10/2021,"09/08/2021 11:54:01","National Cold Storage",,WI,Butter,"Cold Storage","Dairy Market",1095,MD_DA953,"Weekly Cold Storage Holding - U.S.",Final,Dairy,"Soft Product",N/A,LBS,67600000,68130000,-530000,-1,09/01/2021,,,
Madison,DA-MD,Madison,WI,08/30/2021,09/03/2021,"09/01/2021 13:08:31","National Cold Storage",,WI,Cheese,"Cold Storage","Dairy Market",1095,MD_DA953,"Weekly Cold Storage Holding - U.S.",Final,Dairy,"Hard Products",N/A,LBS,85029000,86010000,-981000,-1,08/01/2021,,,
Madison,DA-MD,Madison,WI,08/30/2021,09/03/2021,"09/01/2021 13:08:31","National Cold Storage",,WI,Butter,"Cold Storage","Dairy Market",1095,MD_DA953,"Weekly Cold Storage Holding - U.S.",Final,Dairy,"Soft Product",N/A,LBS,68482000,74093000,-5611000,-8,08/01/2021,,,
Madison,DA-MD,Madison,WI,08/23/2021,08/27/2021,"08/25/2021 11:55:02","National Cold Storage",,WI,Cheese,"Cold Storage","Dairy Market",1095,MD_DA953,"Weekly Cold Storage Holding - U.S.",Final,Dairy,"Hard Products",N/A,LBS,84596000,86010000,-1414000,-2,08/01/2021,,,
Madison,DA-MD,Madison,WI,08/23/2021,08/27/2021,"08/25/2021 11:55:02","National Cold Storage",,WI,Butter,"Cold Storage","Dairy Market",1095,MD_DA953,"Weekly Cold Storage Holding - U.S.",Final,Dairy,"Soft Product",N/A,LBS,74835000,74093000,742000,1,08/01/2021,,,
Madison,DA-MD,Madison,WI,08/16/2021,08/20/2021,"08/18/2021 12:36:32","National Cold Storage",,WI,Cheese,"Cold Storage","Dairy Market",1095,MD_DA953,"Weekly Cold Storage Holding - U.S.",Final,Dairy,"Hard Products",N/A,LBS,85245000,86010000,-765000,-1,08/01/2021,,,
Madison,DA-MD,Madison,WI,08/16/2021,08/20/2021,"08/18/2021 12:36:32","National Cold Storage",,WI,Butter,"Cold Storage","Dairy Market",1095,MD_DA953,"Weekly Cold Storage Holding - U.S.",Final,Dairy,"Soft Product",N/A,LBS,72056000,74093000,-2037000,-3,08/01/2021,,,
Madison,DA-MD,Madison,WI,08/09/2021,08/13/2021,"08/11/2021 13:29:26","National Cold Storage",,WI,Cheese,"Cold Storage","Dairy Market",1095,MD_DA953,"Weekly Cold Storage Holding - U.S.",Final,Dairy,"Hard Products",N/A,LBS,87317000,86010000,1307000,2,08/01/2021,,,
Madison,DA-MD,Madison,WI,08/09/2021,08/13/2021,"08/11/2021 13:29:26","National Cold Storage",,WI,Butter,"Cold Storage","Dairy Market",1095,MD_DA953,"Weekly Cold Storage Holding - U.S.",Final,Dairy,"Soft Product",N/A,LBS,73192000,74093000,-901000,-1,08/01/2021,,,
Madison,DA-MD,Madison,WI,08/02/2021,08/06/2021,"08/04/2021 11:55:01","National Cold Storage",,WI,Cheese,"Cold Storage","Dairy Market",1095,MD_DA953,"Weekly Cold Storage Holding - U.S.",Final,Dairy,"Hard Products",N/A,LBS,86009000,86010000,-1000,0,08/01/2021,,,
Madison,DA-MD,Madison,WI,08/02/2021,08/06/2021,"08/04/2021 11:55:01","National Cold Storage",,WI,Butter,"Cold Storage","Dairy Market",1095,MD_DA953,"Weekly Cold Storage Holding - U.S.",Final,Dairy,"Soft Product",N/A,LBS,74093000,74093000,0,0,08/01/2021,,,
Madison,DA-MD,Madison,WI,07/26/2021,07/30/2021,"07/28/2021 11:55:01","National Cold Storage",,WI,Cheese,"Cold Storage","Dairy Market",1095,MD_DA953,"Weekly Cold Storage Holding - U.S.",Final,Dairy,"Hard Products",N/A,LBS,85335000,85139000,196000,0,07/01/2021,,,
Madison,DA-MD,Madison,WI,07/26/2021,07/30/2021,"07/28/2021 11:55:01","National Cold Storage",,WI,Butter,"Cold Storage","Dairy Market",1095,MD_DA953,"Weekly Cold Storage Holding - U.S.",Final,Dairy,"Soft Product",N/A,LBS,74694000,74963000,-269000,0,07/01/2021,,,
Madison,DA-MD,Madison,WI,07/19/2021,07/23/2021,"07/21/2021 11:55:01","National Cold Storage",,WI,Cheese,"Cold Storage","Dairy Market",1095,MD_DA953,"Weekly Cold Storage Holding - U.S.",Final,Dairy,"Hard Products",N/A,LBS,83784000,85139000,-1355000,-2,07/01/2021,,,
Madison,DA-MD,Madison,WI,07/19/2021,07/23/2021,"07/21/2021 11:55:01","National Cold Storage",,WI,Butter,"Cold Storage","Dairy Market",1095,MD_DA953,"Weekly Cold Storage Holding - U.S.",Final,Dairy,"Soft Product",N/A,LBS,74478000,74963000,-485000,-1,07/01/2021,,,
Madison,DA-MD,Madison,WI,07/12/2021,07/16/2021,"07/14/2021 11:55:02","National Cold Storage",,WI,Cheese,"Cold Storage","Dairy Market",1095,MD_DA953,"Weekly Cold Storage Holding - U.S.",Final,Dairy,"Hard Products",N/A,LBS,85752000,85139000,613000,1,07/01/2021,,,
Madison,DA-MD,Madison,WI,07/12/2021,07/16/2021,"07/14/2021 11:55:02","National Cold Storage",,WI,Butter,"Cold Storage","Dairy Market",1095,MD_DA953,"Weekly Cold Storage Holding - U.S.",Final,Dairy,"Soft Product",N/A,LBS,76163000,74963000,1200000,2,07/01/2021,,,
Madison,DA-MD,Madison,WI,07/05/2021,07/09/2021,"07/07/2021 11:55:03","National Cold Storage",,WI,Cheese,"Cold Storage","Dairy Market",1095,MD_DA953,"Weekly Cold Storage Holding - U.S.",Final,Dairy,"Hard Products",N/A,LBS,85855000,85139000,716000,1,07/01/2021,,,
Madison,DA-MD,Madison,WI,07/05/2021,07/09/2021,"07/07/2021 11:55:03","National Cold Storage",,WI,Butter,"Cold Storage","Dairy Market",1095,MD_DA953,"Weekly Cold Storage Holding - U.S.",Final,Dairy,"Soft Product",N/A,LBS,73746000,74963000,-1217000,-2,07/01/2021,,,
Madison,DA-MD,Madison,WI,06/28/2021,07/02/2021,"06/30/2021 11:55:02","National Cold Storage",,WI,Cheese,"Cold Storage","Dairy Market",1095,MD_DA953,"Weekly Cold Storage Holding - U.S.",Final,Dairy,"Hard Products",N/A,LBS,84066000,81679000,2387000,3,06/01/2021,,,
Madison,DA-MD,Madison,WI,06/28/2021,07/02/2021,"06/30/2021 11:55:02","National Cold Storage",,WI,Butter,"Cold Storage","Dairy Market",1095,MD_DA953,"Weekly Cold Storage Holding - U.S.",Final,Dairy,"Soft Product",N/A,LBS,76788000,73033000,3755000,5,06/01/2021,,,
Madison,DA-MD,Madison,WI,06/21/2021,06/25/2021,"06/23/2021 11:55:02","National Cold Storage",,WI,Cheese,"Cold Storage","Dairy Market",1095,MD_DA953,"Weekly Cold Storage Holding - U.S.",Final,Dairy,"Hard Products",N/A,LBS,83835000,81679000,2156000,3,06/01/2021,,,
Madison,DA-MD,Madison,WI,06/21/2021,06/25/2021,"06/23/2021 11:55:02","National Cold Storage",,WI,Butter,"Cold Storage","Dairy Market",1095,MD_DA953,"Weekly Cold Storage Holding - U.S.",Final,Dairy,"Soft Product",N/A,LBS,74790000,73033000,1757000,2,06/01/2021,,,
Madison,DA-MD,Madison,WI,06/14/2021,06/18/2021,"06/16/2021 11:55:02","National Cold Storage",,WI,Cheese,"Cold Storage","Dairy Market",1095,MD_DA953,"Weekly Cold Storage Holding - U.S.",Final,Dairy,"Hard Products",N/A,LBS,83007000,81679000,1328000,2,06/01/2021,,,
Madison,DA-MD,Madison,WI,06/14/2021,06/18/2021,"06/16/2021 11:55:02","National Cold Storage",,WI,Butter,"Cold Storage","Dairy Market",1095,MD_DA953,"Weekly Cold Storage Holding - U.S.",Final,Dairy,"Soft Product",N/A,LBS,73130000,73033000,97000,0,06/01/2021,,,
Madison,DA-MD,Madison,WI,06/07/2021,06/11/2021,"06/09/2021 11:55:01","National Cold Storage",,WI,Cheese,"Cold Storage","Dairy Market",1095,MD_DA953,"Weekly Cold Storage Holding - U.S.",Final,Dairy,"Hard Products",N/A,LBS,81399000,81679000,-280000,0,06/01/2021,,,
Madison,DA-MD,Madison,WI,06/07/2021,06/11/2021,"06/09/2021 11:55:01","National Cold Storage",,WI,Butter,"Cold Storage","Dairy Market",1095,MD_DA953,"Weekly Cold Storage Holding - U.S.",Final,Dairy,"Soft Product",N/A,LBS,73839000,73033000,806000,1,06/01/2021,,,
Madison,DA-MD,Madison,WI,05/31/2021,06/04/2021,"06/02/2021 11:55:02","National Cold Storage",,WI,Cheese,"Cold Storage","Dairy Market",1095,MD_DA953,"Weekly Cold Storage Holding - U.S.",Final,Dairy,"Hard Products",N/A,LBS,81749000,78283000,3466000,4,05/01/2021,,,
Madison,DA-MD,Madison,WI,05/31/2021,06/04/2021,"06/02/2021 11:55:02","National Cold Storage",,WI,Butter,"Cold Storage","Dairy Market",1095,MD_DA953,"Weekly Cold Storage Holding - U.S.",Final,Dairy,"Soft Product",N/A,LBS,72832000,72512000,320000,0,05/01/2021,,,
Madison,DA-MD,Madison,WI,05/24/2021,05/28/2021,"05/26/2021 11:55:01","National Cold Storage",,WI,Cheese,"Cold Storage","Dairy Market",1095,MD_DA953,"Weekly Cold Storage Holding - U.S.",Final,Dairy,"Hard Products",N/A,LBS,81035000,78283000,2752000,4,05/01/2021,,,
Madison,DA-MD,Madison,WI,05/24/2021,05/28/2021,"05/26/2021 11:55:01","National Cold Storage",,WI,Butter,"Cold Storage","Dairy Market",1095,MD_DA953,"Weekly Cold Storage Holding - U.S.",Final,Dairy,"Soft Product",N/A,LBS,72890000,72512000,378000,1,05/01/2021,,,
Madison,DA-MD,Madison,WI,05/17/2021,05/21/2021,"05/19/2021 11:55:03","National Cold Storage",,WI,Cheese,"Cold Storage","Dairy Market",1095,MD_DA953,"Weekly Cold Storage Holding - U.S.",Final,Dairy,"Hard Products",N/A,LBS,78528000,78283000,245000,0,05/01/2021,,,
Madison,DA-MD,Madison,WI,05/17/2021,05/21/2021,"05/19/2021 11:55:03","National Cold Storage",,WI,Butter,"Cold Storage","Dairy Market",1095,MD_DA953,"Weekly Cold Storage Holding - U.S.",Final,Dairy,"Soft Product",N/A,LBS,72858000,72512000,346000,0,05/01/2021,,,
Madison,DA-MD,Madison,WI,05/10/2021,05/14/2021,"05/12/2021 11:55:02","National Cold Storage",,WI,Cheese,"Cold Storage","Dairy Market",1095,MD_DA953,"Weekly Cold Storage Holding - U.S.",Final,Dairy,"Hard Products",N/A,LBS,78079000,78283000,-204000,0,05/01/2021,,,
Madison,DA-MD,Madison,WI,05/10/2021,05/14/2021,"05/12/2021 11:55:02","National Cold Storage",,WI,Butter,"Cold Storage","Dairy Market",1095,MD_DA953,"Weekly Cold Storage Holding - U.S.",Final,Dairy,"Soft Product",N/A,LBS,74059000,72512000,1547000,2,05/01/2021,,,
Madison,DA-MD,Madison,WI,05/03/2021,05/07/2021,"05/05/2021 11:55:01","National Cold Storage",,WI,Cheese,"Cold Storage","Dairy Market",1095,MD_DA953,"Weekly Cold Storage Holding - U.S.",Final,Dairy,"Hard Products",N/A,LBS,78283000,78283000,0,0,05/01/2021,,,
Madison,DA-MD,Madison,WI,05/03/2021,05/07/2021,"05/05/2021 11:55:01","National Cold Storage",,WI,Butter,"Cold Storage","Dairy Market",1095,MD_DA953,"Weekly Cold Storage Holding - U.S.",Final,Dairy,"Soft Product",N/A,LBS,72512000,72512000,0,0,05/01/2021,,,
Madison,DA-MD,Madison,WI,04/26/2021,04/30/2021,"04/28/2021 11:55:00","National Cold Storage",,WI,Cheese,"Cold Storage","Dairy Market",1095,MD_DA953,"Weekly Cold Storage Holding - U.S.",Final,Dairy,"Hard Products",N/A,LBS,77158000,79714000,-2556000,-3,04/01/2021,,,
Madison,DA-MD,Madison,WI,04/26/2021,04/30/2021,"04/28/2021 11:55:00","National Cold Storage",,WI,Butter,"Cold Storage","Dairy Market",1095,MD_DA953,"Weekly Cold Storage Holding - U.S.",Final,Dairy,"Soft Product",N/A,LBS,68407000,62556000,5851000,9,04/01/2021,,,
Madison,DA-MD,Madison,WI,04/19/2021,04/23/2021,"04/21/2021 11:55:01","National Cold Storage",,WI,Cheese,"Cold Storage","Dairy Market",1095,MD_DA953,"Weekly Cold Storage Holding - U.S.",Final,Dairy,"Hard Products",N/A,LBS,77668000,79714000,-2046000,-3,04/01/2021,,,
Madison,DA-MD,Madison,WI,04/19/2021,04/23/2021,"04/21/2021 11:55:01","National Cold Storage",,WI,Butter,"Cold Storage","Dairy Market",1095,MD_DA953,"Weekly Cold Storage Holding - U.S.",Final,Dairy,"Soft Product",N/A,LBS,67711000,62556000,5155000,8,04/01/2021,,,
Madison,DA-MD,Madison,WI,04/12/2021,04/16/2021,"04/14/2021 11:55:01","National Cold Storage",,WI,Cheese,"Cold Storage","Dairy Market",1095,MD_DA953,"Weekly Cold Storage Holding - U.S.",Final,Dairy,"Hard Products",N/A,LBS,78249000,79714000,-1465000,-2,04/01/2021,,,
Madison,DA-MD,Madison,WI,04/12/2021,04/16/2021,"04/14/2021 11:55:01","National Cold Storage",,WI,Butter,"Cold Storage","Dairy Market",1095,MD_DA953,"Weekly Cold Storage Holding - U.S.",Final,Dairy,"Soft Product",N/A,LBS,62519000,62556000,-37000,0,04/01/2021,,,
Madison,DA-MD,Madison,WI,04/05/2021,04/09/2021,"04/07/2021 11:55:00","National Cold Storage",,WI,Cheese,"Cold Storage","Dairy Market",1095,MD_DA953,"Weekly Cold Storage Holding - U.S.",Final,Dairy,"Hard Products",N/A,LBS,79231000,79714000,-483000,-1,04/01/2021,,,
Madison,DA-MD,Madison,WI,04/05/2021,04/09/2021,"04/07/2021 11:55:00","National Cold Storage",,WI,Butter,"Cold Storage","Dairy Market",1095,MD_DA953,"Weekly Cold Storage Holding - U.S.",Final,Dairy,"Soft Product",N/A,LBS,62538000,62556000,-18000,0,04/01/2021,,,
Madison,DA-MD,Madison,WI,03/29/2021,04/02/2021,"03/31/2021 11:55:01","National Cold Storage",,WI,Cheese,"Cold Storage","Dairy Market",1095,MD_DA953,"Weekly Cold Storage Holding - U.S.",Final,Dairy,"Hard Products",N/A,LBS,80437000,84063000,-3626000,-4,03/01/2021,,,
Madison,DA-MD,Madison,WI,03/29/2021,04/02/2021,"03/31/2021 11:55:01","National Cold Storage",,WI,Butter,"Cold Storage","Dairy Market",1095,MD_DA953,"Weekly Cold Storage Holding - U.S.",Final,Dairy,"Soft Product",N/A,LBS,62584000,59466000,3118000,5,03/01/2021,,,
Madison,DA-MD,Madison,WI,03/22/2021,03/26/2021,"03/24/2021 11:55:01","National Cold Storage",,WI,Cheese,"Cold Storage","Dairy Market",1095,MD_DA953,"Weekly Cold Storage Holding - U.S.",Final,Dairy,"Hard Products",N/A,LBS,83759000,84063000,-304000,0,03/01/2021,,,
Madison,DA-MD,Madison,WI,03/22/2021,03/26/2021,"03/24/2021 11:55:01","National Cold Storage",,WI,Butter,"Cold Storage","Dairy Market",1095,MD_DA953,"Weekly Cold Storage Holding - U.S.",Final,Dairy,"Soft Product",N/A,LBS,61538000,59466000,2072000,3,03/01/2021,,,
Madison,DA-MD,Madison,WI,03/15/2021,03/19/2021,"03/17/2021 11:55:00","National Cold Storage",,WI,Cheese,"Cold Storage","Dairy Market",1095,MD_DA953,"Weekly Cold Storage Holding - U.S.",Final,Dairy,"Hard Products",N/A,LBS,85106000,84063000,1043000,1,03/01/2021,,,
Madison,DA-MD,Madison,WI,03/15/2021,03/19/2021,"03/17/2021 11:55:00","National Cold Storage",,WI,Butter,"Cold Storage","Dairy Market",1095,MD_DA953,"Weekly Cold Storage Holding - U.S.",Final,Dairy,"Soft Product",N/A,LBS,60719000,59466000,1253000,2,03/01/2021,,,
Madison,DA-MD,Madison,WI,03/08/2021,03/12/2021,"03/10/2021 11:55:00","National Cold Storage",,WI,Cheese,"Cold Storage","Dairy Market",1095,MD_DA953,"Weekly Cold Storage Holding - U.S.",Final,Dairy,"Hard Products",N/A,LBS,85198000,84063000,1135000,1,03/01/2021,,,
Madison,DA-MD,Madison,WI,03/08/2021,03/12/2021,"03/10/2021 11:55:00","National Cold Storage",,WI,Butter,"Cold Storage","Dairy Market",1095,MD_DA953,"Weekly Cold Storage Holding - U.S.",Final,Dairy,"Soft Product",N/A,LBS,60794000,59466000,1328000,2,03/01/2021,,,
Madison,DA-MD,Madison,WI,03/01/2021,03/05/2021,"03/03/2021 11:55:01","National Cold Storage",,WI,Cheese,"Cold Storage","Dairy Market",1095,MD_DA953,"Weekly Cold Storage Holding - U.S.",Final,Dairy,"Hard Products",N/A,LBS,84064000,84063000,1000,0,03/01/2021,,,
Madison,DA-MD,Madison,WI,03/01/2021,03/05/2021,"03/03/2021 11:55:01","National Cold Storage",,WI,Butter,"Cold Storage","Dairy Market",1095,MD_DA953,"Weekly Cold Storage Holding - U.S.",Final,Dairy,"Soft Product",N/A,LBS,59465000,59466000,-1000,0,03/01/2021,,,
Madison,DA-MD,Madison,WI,02/22/2021,02/26/2021,"02/24/2021 11:55:00","National Cold Storage",,WI,Cheese,"Cold Storage","Dairy Market",1095,MD_DA953,"Weekly Cold Storage Holding - U.S.",Final,Dairy,"Hard Products",N/A,LBS,82868000,84788000,-1920000,-2,02/01/2021,,,
Madison,DA-MD,Madison,WI,02/22/2021,02/26/2021,"02/24/2021 11:55:00","National Cold Storage",,WI,Butter,"Cold Storage","Dairy Market",1095,MD_DA953,"Weekly Cold Storage Holding - U.S.",Final,Dairy,"Soft Product",N/A,LBS,59594000,56492000,3102000,5,02/01/2021,,,
Madison,DA-MD,Madison,WI,02/15/2021,02/19/2021,"02/17/2021 11:55:00","National Cold Storage",,WI,Cheese,"Cold Storage","Dairy Market",1095,MD_DA953,"Weekly Cold Storage Holding - U.S.",Final,Dairy,"Hard Products",N/A,LBS,81980000,84788000,-2808000,-3,02/01/2021,,,
Madison,DA-MD,Madison,WI,02/15/2021,02/19/2021,"02/17/2021 11:55:00","National Cold Storage",,WI,Butter,"Cold Storage","Dairy Market",1095,MD_DA953,"Weekly Cold Storage Holding - U.S.",Final,Dairy,"Soft Product",N/A,LBS,60886000,56492000,4394000,8,02/01/2021,,,
Madison,DA-MD,Madison,WI,02/08/2021,02/12/2021,"02/10/2021 11:55:00","National Cold Storage",,WI,Cheese,"Cold Storage","Dairy Market",1095,MD_DA953,"Weekly Cold Storage Holding - U.S.",Final,Dairy,"Hard Products",N/A,LBS,85449000,84788000,661000,1,02/01/2021,,,
Madison,DA-MD,Madison,WI,02/08/2021,02/12/2021,"02/10/2021 11:55:00","National Cold Storage",,WI,Butter,"Cold Storage","Dairy Market",1095,MD_DA953,"Weekly Cold Storage Holding - U.S.",Final,Dairy,"Soft Product",N/A,LBS,58119000,56492000,1627000,3,02/01/2021,,,
Madison,DA-MD,Madison,WI,02/01/2021,02/05/2021,"02/03/2021 14:37:27","National Cold Storage",,WI,Cheese,"Cold Storage","Dairy Market",1095,MD_DA953,"Weekly Cold Storage Holding - U.S.",Final,Dairy,"Hard Products",N/A,LBS,84787000,84788000,-1000,0,02/01/2021,,,
Madison,DA-MD,Madison,WI,02/01/2021,02/05/2021,"02/03/2021 14:37:27","National Cold Storage",,WI,Butter,"Cold Storage","Dairy Market",1095,MD_DA953,"Weekly Cold Storage Holding - U.S.",Final,Dairy,"Soft Product",N/A,LBS,56492000,56492000,0,0,02/01/2021,,,
Madison,DA-MD,Madison,WI,01/25/2021,01/29/2021,"01/27/2021 11:55:00","National Cold Storage",,WI,Cheese,"Cold Storage","Dairy Market",1095,MD_DA953,"Weekly Cold Storage Holding - U.S.",Final,Dairy,"Hard Products",N/A,LBS,85078000,77986000,7092000,9,01/01/2021,,,
Madison,DA-MD,Madison,WI,01/25/2021,01/29/2021,"01/27/2021 11:55:00","National Cold Storage",,WI,Butter,"Cold Storage","Dairy Market",1095,MD_DA953,"Weekly Cold Storage Holding - U.S.",Final,Dairy,"Soft Product",N/A,LBS,56055000,45415000,10640000,23,01/01/2021,,,
Madison,DA-MD,Madison,WI,01/18/2021,01/22/2021,"01/20/2021 11:55:01","National Cold Storage",,WI,Cheese,"Cold Storage","Dairy Market",1095,MD_DA953,"Weekly Cold Storage Holding - U.S.",Final,Dairy,"Hard Products",N/A,LBS,86471000,77986000,8485000,11,01/01/2021,,,
Madison,DA-MD,Madison,WI,01/18/2021,01/22/2021,"01/20/2021 11:55:01","National Cold Storage",,WI,Butter,"Cold Storage","Dairy Market",1095,MD_DA953,"Weekly Cold Storage Holding - U.S.",Final,Dairy,"Soft Product",N/A,LBS,54315000,45415000,8900000,20,01/01/2021,,,
Madison,DA-MD,Madison,WI,01/11/2021,01/15/2021,"01/13/2021 11:55:07","National Cold Storage",,WI,Cheese,"Cold Storage","Dairy Market",1095,MD_DA953,"Weekly Cold Storage Holding - U.S.",Final,Dairy,"Hard Products",N/A,LBS,82577000,77986000,4591000,6,01/01/2021,,,
Madison,DA-MD,Madison,WI,01/11/2021,01/15/2021,"01/13/2021 11:55:07","National Cold Storage",,WI,Butter,"Cold Storage","Dairy Market",1095,MD_DA953,"Weekly Cold Storage Holding - U.S.",Final,Dairy,"Soft Product",N/A,LBS,51257000,45415000,5842000,13,01/01/2021,,,
Madison,DA-MD,Madison,WI,01/04/2021,01/08/2021,"01/06/2021 13:25:22","National Cold Storage",,WI,Cheese,"Cold Storage","Dairy Market",1095,MD_DA953,"Weekly Cold Storage Holding - U.S.",Final,Dairy,"Hard Products",N/A,LBS,78630000,77986000,644000,1,01/01/2021,,,
Madison,DA-MD,Madison,WI,01/04/2021,01/08/2021,"01/06/2021 13:25:22","National Cold Storage",,WI,Butter,"Cold Storage","Dairy Market",1095,MD_DA953,"Weekly Cold Storage Holding - U.S.",Final,Dairy,"Soft Product",N/A,LBS,46084000,45415000,669000,1,01/01/2021,,,
